id,ilac_adi,etken_madde,markalar,yol,kategoriler,doz_birimi,doz_per_kg,doz_10kg_alti_per_kg,sabit_doz,tek_doz_min,tek_doz_max,gunluk_max_per_kg,gunluk_max,tekrar_araligi,kilo_min_kg,kilo_max_kg,konsantrasyon_per_ml,birim_adi,birim_miktar,birim_ml,form_adi,not,hesap_tipi,doz_etiket,ikinci_doz_per_kg,ikinci_doz_max,ikinci_doz_etiket
ondansetron_iv,Ondansetron,Ondansetron,Zofran,IV,Sık kullanılanlar; Antiemetik,mg,0.15,,,,8,,,3x1,,,2,ampul,4,2,4 mg/2 mL ampul,,,,,,
parasetamol_iv,Parasetamol,Parasetamol,Parol,IV,Sık kullanılanlar; Ateş; Ağrı,mg,15,7.5,,,1000,60,4000,4x1 (dozlar arası en az 4 saat),,,10,flakon,1000,100,1000 mg/100 mL flakon,15 dakikada infüzyon. 10 kg altında günlük max 30 mg/kg.,,,,,
feniramin_iv,Feniramin,Feniramin maleat,Avil,IV/IM,Alerji/Anafilaksi,mg,1,,,,45.5,,,2x1,,,22.75,ampul,45.5,2,45.5 mg/2 mL ampul,,,,,,
ibuprofen_iv,İbuprofen,İbuprofen,Brufen; Dorifen,IV,Sık kullanılanlar; Ateş; Ağrı; NSAİİ,mg,10,,,,400,40,2400,3-4x1,,,4,şişe,400,100,400 mg/100 mL şişe,En az 10 dakikada infüzyon. 6 aydan küçükte kullanılmaz.,,,,,
parasetamol_po_120,Parasetamol 120 mg/5 mL,Parasetamol,Calpol,PO,Sık kullanılanlar; Şuruplar; Ateş; Ağrı,mg,15,,,,1000,60,4000,4x1 (dozlar arası en az 4 saat),,,24,ölçek,120,5,120 mg/5 mL şurup,,,,,,
parasetamol_po_250,Parasetamol 250 mg/5 mL,Parasetamol,Calpol 6 Plus,PO,Sık kullanılanlar; Şuruplar; Ateş; Ağrı,mg,15,,,,1000,60,4000,4x1 (dozlar arası en az 4 saat),,,50,ölçek,250,5,250 mg/5 mL şurup,6 yaş ve üstü için.,,,,,
ibuprofen_po,İbuprofen 100 mg/5 mL,İbuprofen,Brufen; Dorifen,PO,Sık kullanılanlar; Şuruplar; Ateş; Ağrı; NSAİİ,mg,10,,,,400,40,2400,3-4x1,,,20,ölçek,100,5,100 mg/5 mL şurup,6 aydan küçükte kullanılmaz.,,,,,
epinefrin_iv_arrest,Epinefrin (arrest),Epinefrin,Adrenalin,IV/IO,Resüsitasyon,mg,0.01,,,,1,,,3-5 dakikada bir,,,0.1,ampul,1,1,1 mg/1 mL ampul (1:1000),"1 mg ampul SF ile 10 mL'ye sulandırılır (0,1 mg/mL = 1:10.000). mL bu sulandırmaya göredir.",,,,,
epinefrin_et,Epinefrin,Epinefrin,Adrenalin,ET,Resüsitasyon,mg,0.1,,,,2.5,,,3-5 dakikada bir,,,1,ampul,1,1,1 mg/1 mL ampul (1:1000),Sulandırılmadan (1 mg/mL) verilir. IV/IO yol yoksa kullanılır.,,,,,
epinefrin_im,Epinefrin (anafilaksi),Epinefrin,Adrenalin,IM,Resüsitasyon; Alerji/Anafilaksi,mg,0.01,,,,0.5,,,5-15 dakikada bir,,,1,ampul,1,1,1 mg/1 mL ampul (1:1000),"Sulandırılmadan, uyluk dış yanına verilir.",,,,,
epinefrin_neb,Epinefrin,Epinefrin,Adrenalin,Nebül,Resüsitasyon; Solunum; Krup,mg,0.5,,,,5,,,,,,1,ampul,1,1,1 mg/1 mL ampul (1:1000),"Krup: 0,5 mL/kg (max 5 mL), 1 mg/mL koruyucusuz adrenalin. 5-15 dakikada nebülize edilir. Toplam hacim 3 mL'den azsa SF ile 3 mL'ye tamamlanır.",,,,,
atropin_iv_bradikardi,Atropin (bradikardi),Atropin sülfat,Atropin,IV/IO,Resüsitasyon; Aritmi,mg,0.02,,,0.1,0.5,,,1 kez tekrarlanabilir,,,1,ampul,1,1,1 mg/1 mL ampul,,,,,,
atropin_opp,Atropin (OPP),Atropin sülfat,Atropin,IV/IM,Resüsitasyon; Zehirlenme,mg,0.02,,,0.1,,,,"5 dakikada bir, doz iki katına çıkarılarak",,,1,ampul,1,1,1 mg/1 mL ampul,Organofosfat zehirlenmesi. Atropinizasyon (sekresyonlar kuruyana kadar) sağlanana kadar sürdürülür.,,,,,
atropin_et,Atropin,Atropin sülfat,Atropin,ET,Resüsitasyon,mg,0.04,,,,,,,,,,1,ampul,1,1,1 mg/1 mL ampul,,,,,,
adenozin_1,Adenozin 1. doz,Adenozin,Adenocor,IV/IO,Resüsitasyon; Aritmi,mg,0.1,,,,6,,,,,,3,ampul,6,2,6 mg/2 mL ampul,"Hızlı IV puşe, hemen ardından 5-10 mL SF ile hızlı yıkama.",,,,,
adenozin_2,Adenozin 2. doz,Adenozin,Adenocor,IV/IO,Resüsitasyon; Aritmi,mg,0.2,,,,12,,,,,,3,ampul,6,2,6 mg/2 mL ampul,"1. doz yanıtsızsa. Hızlı IV puşe, hemen ardından 5-10 mL SF ile hızlı yıkama.",,,,,
midazolam_iv,Midazolam,Midazolam,Dormicum,IV,Resüsitasyon; Nöbet; Entübasyon/Sedasyon,mg,0.1,,,,,,,,,,5,ampul,15,3,15 mg/3 mL ampul,5 mg/5 mL (1 mg/mL) ampul kullanılırsa mL farklıdır.,,,,,
midazolam_in_im,Midazolam,Midazolam,Dormicum,IN/IM,Resüsitasyon; Nöbet,mg,0.2,,,,10,,,,,,5,ampul,15,3,15 mg/3 mL ampul,IN: dozu iki burun deliğine bölün.,,,,,
morfin_iv_im,Morfin,Morfin sülfat,Morfin,IV/IM,Resüsitasyon; Ağrı,mg,0.1,,,,,,,2-4 saatte bir,8,,10,ampul,10,1,10 mg/1 mL ampul,Broselow tablosunda 8 kg altı için verilmemiş.,,,,,
glukagon_im_25alti,Glukagon,Glukagon,GlucaGen,IM,Resüsitasyon; Hipoglisemi,mg,,,0.5,,,,,,,25,1,flakon,1,1,1 mg/1 mL kit,25 kg altı sabit doz.,,,,,
glukagon_im_25ustu,Glukagon,Glukagon,GlucaGen,IM,Resüsitasyon; Hipoglisemi,mg,,,1,,,,,,25,,1,flakon,1,1,1 mg/1 mL kit,25 kg ve üstü sabit doz.,,,,,
bikarbonat_iv,"Sodyum bikarbonat %8,4",Sodyum bikarbonat,,IV/IO,Resüsitasyon,mEq,1,,,,50,,,,,,1,ampul,10,10,"10 mEq/10 mL ampul (%8,4)","Yenidoğan ve küçük bebekte 1:1 sulandırılır (%4,2).",,,,,
dekstroz_10,Dekstroz %10,Dekstroz,,IV/IO,Resüsitasyon; Hipoglisemi,g,0.5,,,,25,,,,,,0.1,,,,"%10 dekstroz (0,1 g/mL)","0,5 g/kg = 5 mL/kg.",,,,,
nalokson,Nalokson,Nalokson,Narcan,IV/IM/IN,Resüsitasyon; Zehirlenme,mg,0.1,,,,2,,,"2-3 dakikada bir, gerekirse",,,0.4,ampul,0.4,1,0.4 mg/1 mL ampul,,,,,,
sf_bolus,SF bolus,"%0,9 NaCl",,IV/IO,Resüsitasyon; Sıvılar,mL,20,,,,1000,,,,,,,,,,"%0,9 NaCl",Gerekirse tekrarlanır; her bolustan sonra yeniden değerlendirilir.,,,,,
deksametazon_krup,Deksametazon (krup),Deksametazon,Dekort,PO/IV/IM,Krup,mg,0.6,,,,16,,,,,,4,ampul,8,2,8 mg/2 mL ampul,"En az invaziv yol: ağızdan alabiliyorsa PO, damar yolu varsa IV, ikisi de yoksa IM. PO için ampul ağızdan verilebilir (şurupla karıştırılabilir) veya tablet ezilip püre ile verilir.",,,,,
idame_sf,SF idame,"%0,9 NaCl",,IV,Sıvılar,mL/saat,,,,,100,,,,,,,,,,"%0,9 NaCl","Holliday-Segar (4-2-1): ilk 10 kg için 4 mL/kg/saat, sonraki 10 kg için 2 mL/kg/saat, 20 kg üstü her kg için 1 mL/kg/saat. İzotonik idame güncel önerilen sıvıdır.",holliday_segar,,,,
idame_yarim_izomiks,½ İzomiks idame,½ İzomiks,İzomiks,IV,Sıvılar,mL/saat,,,,,100,,,,,,,,,,½ İzomiks,"Holliday-Segar (4-2-1): ilk 10 kg için 4 mL/kg/saat, sonraki 10 kg için 2 mL/kg/saat, 20 kg üstü her kg için 1 mL/kg/saat. Hipotonik sıvı: hiponatremi riskine dikkat.",holliday_segar,,,,
amoks_klav_bid,Amoksisilin-klavulanat 400/57,Amoksisilin-klavulanat,Augmentin BID; Klamoks BID; Amoklavin BID; Aklav BID; Klavunat BID,PO,Antibiyotikler; Şuruplar,mg,22.5,,,,875,,,2x1,,,80,ölçek,400,5,400/57 mg / 5 mL süspansiyon,"Doz amoksisiline göredir. Standart doz: 45 mg/kg/gün, 2'ye bölünmüş.",,,,,
amoks_klav_es,"Amoksisilin-klavulanat 600/42,9 (ES)",Amoksisilin-klavulanat,Augmentin ES-600; Klamoks ES; Klavon ES; Klavunat ES; Moksivesta ES,PO,Antibiyotikler; Şuruplar,mg,45,,,,2000,,,2x1,,,120,ölçek,600,5,"600/42,9 mg / 5 mL süspansiyon","Doz amoksisiline göredir. Yüksek doz: 90 mg/kg/gün, 2'ye bölünmüş. OM, sinüzit, pnömoni.",,,,,
amoksisilin_po,Amoksisilin 250 mg/5 mL,Amoksisilin,Largopen; Alfoxil Forte,PO,Antibiyotikler; Şuruplar,mg,45,,,,2000,,4000,2x1,,,50,ölçek,250,5,250 mg/5 mL süspansiyon,"Yüksek doz: 90 mg/kg/gün, 2'ye bölünmüş. OM, pnömoni.",,,,,
sefuroksim_125,Sefuroksim 125 mg/5 mL,Sefuroksim aksetil,Zinnat; Cefaks; Sefuroks,PO,Antibiyotikler; Şuruplar,mg,15,,,,500,,,2x1,,,25,ölçek,125,5,125 mg/5 mL süspansiyon,"30 mg/kg/gün, 2'ye bölünmüş.",,,,,
sefuroksim_250,Sefuroksim 250 mg/5 mL,Sefuroksim aksetil,Zinnat; Cefaks,PO,Antibiyotikler; Şuruplar,mg,15,,,,500,,,2x1,,,50,ölçek,250,5,250 mg/5 mL süspansiyon,"30 mg/kg/gün, 2'ye bölünmüş.",,,,,
sefiksim_po,Sefiksim 100 mg/5 mL,Sefiksim,Suprax; Zimaks; Molcef; Fixef,PO,Antibiyotikler; Şuruplar,mg,8,,,,400,,,1x1,,,20,ölçek,100,5,100 mg/5 mL süspansiyon,"8 mg/kg/gün, günde tek doz.",,,,,
sefdinir_125,Sefdinir 125 mg/5 mL,Sefdinir,Encef; Menacef; Seforin; Ceforist; Ceftinex; Klasef,PO,Antibiyotikler; Şuruplar,mg,14,,,,600,,,1x1,,,25,ölçek,125,5,125 mg/5 mL süspansiyon,"14 mg/kg/gün, günde tek doz.",,,,,
sefdinir_250,Sefdinir 250 mg/5 mL,Sefdinir,Encef; Menacef; Seforin; Rodinir; Tricef; Tamcef,PO,Antibiyotikler; Şuruplar,mg,14,,,,600,,,1x1,,,50,ölçek,250,5,250 mg/5 mL süspansiyon,"14 mg/kg/gün, günde tek doz.",,,,,
klaritromisin_125,Klaritromisin 125 mg/5 mL,Klaritromisin,Klacid; Klamaxin; Klaromin; Maxiclar; Laricid; Klarolid; Klamer,PO,Antibiyotikler; Şuruplar,mg,7.5,,,,500,,,2x1,,,25,ölçek,125,5,125 mg/5 mL süspansiyon,"15 mg/kg/gün, 2'ye bölünmüş.",,,,,
klaritromisin_250,Klaritromisin 250 mg/5 mL,Klaritromisin,Klacid; Klamaxin; Klaromin; Maxiclar; Laricid; Klarolid; Klamer,PO,Antibiyotikler; Şuruplar,mg,7.5,,,,500,,,2x1,,,50,ölçek,250,5,250 mg/5 mL süspansiyon,"15 mg/kg/gün, 2'ye bölünmüş.",,,,,
azitromisin_po,Azitromisin 200 mg/5 mL,Azitromisin,Azro; Zitromax,PO,Antibiyotikler; Şuruplar,mg,10,,,,500,,,1x1,,,40,ölçek,200,5,200 mg/5 mL süspansiyon,"5 günlük tedavi, günde tek doz: 1. gün 10 mg/kg (max 500 mg), 2–5. gün 5 mg/kg (max 250 mg).",,1. gün,5,250,2–5. gün
tmp_smx_po,TMP-SMX 40/200 mg/5 mL,Trimetoprim-sulfametoksazol,Bactrim; Kemoprim; Trimoks,PO,Antibiyotikler; Şuruplar,mg,4,,,,160,,,2x1,,,8,ölçek,40,5,40/200 mg / 5 mL süspansiyon,"Doz trimetoprime göredir. 8 mg/kg/gün, 2'ye bölünmüş. 2 aydan küçükte kullanılmaz.",,,,,
salbutamol_neb,Salbutamol,Salbutamol,Ventolin,Nebül,Astım,mg,0.15,,,2.5,5,,,"20 dakikada bir, 3 kez",,,1,nebül,2.5,2.5,"2,5 mg/2,5 mL nebül",Toplam hacim 3 mL'den azsa SF ile 3 mL'ye tamamlanır.,,,,,
ipratropium_20alti,İpratropium,İpratropium bromür,İpratom; Atrovent,Nebül,Astım,mg,,,0.25,,,,,"20 dakikada bir, 3 kez (salbutamol ile)",,20,0.25,nebül,0.5,2,500 mcg/2 mL nebül,20 kg altı sabit doz: 250 mcg. Orta-ağır astım atağında salbutamol ile birlikte.,,,,,
ipratropium_20ustu,İpratropium,İpratropium bromür,İpratom; Atrovent,Nebül,Astım,mg,,,0.5,,,,,"20 dakikada bir, 3 kez (salbutamol ile)",20,,0.25,nebül,0.5,2,500 mcg/2 mL nebül,20 kg ve üstü sabit doz: 500 mcg. Orta-ağır astım atağında salbutamol ile birlikte.,,,,,
budesonid_neb,Budesonid,Budesonid,Pulmicort,Nebül,Krup,mg,,,2,,,,,,,,0.5,nebül,1,2,1 mg/2 mL nebül,Krup: tek doz 2 mg. Deksametazon verilemiyorsa veya ek olarak.,,,,,
metilprednizolon_iv,Metilprednizolon,Metilprednizolon,Prednol-L,IV/IM,Astım; Alerji/Anafilaksi,mg,1,,,,60,,,4x1,,,20,flakon,40,2,40 mg flakon + 2 mL çözücü (20 mg/mL),"Ağır astım: ilk doz 1–2 mg/kg (max 60 mg), sonra 1 mg/kg 6 saatte bir.",,,,,
prednizolon_po,Prednizolon,Prednizolon,Deltacortril,PO,Astım,mg,1,,,,40,,,1x1,,,,tablet,5,,5 mg tablet,"1–2 mg/kg/gün, günde tek doz, 3–5 gün. 2 yaş altı max 20 mg, 2–5 yaş max 30 mg.",,,,,
magnezyum_iv,Magnezyum sülfat,Magnezyum sülfat,,IV,Astım,mg,40,,,,2000,,,,,,150,ampul,1500,10,"%15, 1,5 g/10 mL ampul",Ağır astım. 20 dakikada infüzyon. Hipotansiyon ve bradikardi için izleyin.,,,,,
diazepam_rektal,Diazepam rektal,Diazepam,Diaksi; Diazepam Desitin,Rektal,Nöbet,mg,0.5,,,,10,,,10 dakika sonra 1 kez tekrarlanabilir,,,,,,,"5 mg/2,5 mL ve 10 mg/2,5 mL rektal tüp",Hesaplanan doza en yakın tüpü seçin: 5 mg veya 10 mg.,,,,,
diazepam_iv,Diazepam,Diazepam,Diazem,IV,Nöbet,mg,0.2,,,,10,,,5–10 dakika sonra 1 kez tekrarlanabilir,,,5,ampul,10,2,10 mg/2 mL ampul,Yavaş IV (2–5 dakikada). Solunum depresyonu için izleyin.,,,,,
levetirasetam_iv,Levetirasetam,Levetirasetam,Keppra,IV,Nöbet,mg,60,,,,4500,,,,,,100,flakon,500,5,500 mg/5 mL flakon,Status epileptikus ikinci basamak. SF ile sulandırılıp 10–15 dakikada verilir. Bazı protokoller 40 mg/kg kullanır.,,,,,
fenitoin_iv,Fenitoin,Fenitoin sodyum,Epitoin; Toinex; Fenitosel,IV,Nöbet,mg,20,,,,1500,,,,,,50,ampul,250,5,250 mg/5 mL ampul,Sadece SF ile sulandırılır (dekstrozla çöker). Hız en fazla 1 mg/kg/dakika (max 50 mg/dakika). Kardiyak monitör.,,,,,
fenobarbital_iv,Fenobarbital,Fenobarbital,Luminal,IV,Nöbet,mg,20,,,,1000,,,,,,200,ampul,200,1,200 mg/1 mL ampul,En az 20 dakikada verilir. Solunum depresyonu ve hipotansiyon için izleyin. Türkiye'de ampul formu sınırlı; elinizdeki konsantrasyonu kontrol edin.,,,,,
ketamin_iv,Ketamin,Ketamin,Ketalar,IV,Entübasyon/Sedasyon,mg,2,,,,,,,,,,50,flakon,500,10,500 mg/10 mL flakon,"Entübasyon: 1–2 mg/kg. Prosedürel sedasyon: 1–1,5 mg/kg IV veya 4 mg/kg IM.",,,,,
propofol_iv,Propofol,Propofol,Propofol-PF; Propofol-Haver,IV,Entübasyon/Sedasyon,mg,2,,,,,,,,,,10,ampul,200,20,"%1, 200 mg/20 mL ampul","İndüksiyon: 1–2,5 mg/kg. Sedasyon: 1 mg/kg. Hipotansiyon yapar; şokta dikkat.",,,,,
rokuronyum_iv,Roküronyum,Roküronyum bromür,Esmeron,IV,Entübasyon/Sedasyon,mg,1,,,,,,,,,,10,flakon,50,5,50 mg/5 mL flakon,"Hızlı ardışık entübasyon: 1–1,2 mg/kg.",,,,,
suksinilkolin_iv,Süksinilkolin,Süksinilkolin,Lysthenon Forte,IV,Entübasyon/Sedasyon,mg,1.5,2,,,150,,,,,,20,ampul,100,5,"%2, 100 mg/5 mL ampul","Bradikardi yapabilir; küçük çocukta atropin hazır olsun. Hiperkalemi, nöromüsküler hastalık ve 48 saatten eski yanık/ezilmede kontrendike. Buzdolabında saklanır.",,,,,
fentanil_iv,Fentanil,Fentanil,Talinat; Fentaver,IV,Entübasyon/Sedasyon; Ağrı,mcg,1,,,,100,,,,,,50,ampul,100,2,"0,1 mg/2 mL ampul (50 mcg/mL)","1–2 mcg/kg, yavaş IV. Hızlı verilirse göğüs duvarı rijiditesi yapabilir.",,,,,
fentanil_in,Fentanil,Fentanil,Talinat; Fentaver,IN,Ağrı,mcg,1.5,,,,100,,,,,,50,ampul,100,2,"0,1 mg/2 mL ampul (50 mcg/mL)","Sulandırılmadan, atomizörle (MAD) iki burun deliğine bölünerek verilir.",,,,,
seftriakson_iv,Seftriakson,Seftriakson,Rocephin; Novosef,IV,Antibiyotikler,mg,50,,,,2000,,,1x1,,,100,flakon,1000,10,1 g flakon (10 mL ile 100 mg/mL),Kalsiyumlu sıvılarla aynı hattan verilmez.,,,,,
seftriakson_menenjit,Seftriakson (menenjit),Seftriakson,Rocephin; Novosef,IV,Antibiyotikler,mg,50,,,,2000,,,2x1,,,100,flakon,1000,10,1 g flakon (10 mL ile 100 mg/mL),"Menenjit: 100 mg/kg/gün, 2'ye bölünmüş (max 4 g/gün). Kalsiyumlu sıvılarla aynı hattan verilmez.",,,,,
ampisilin_iv,Ampisilin,Ampisilin,Ampisina; Alfasilin,IV,Antibiyotikler,mg,50,,,,2000,,,4x1,,,100,flakon,1000,10,1 g flakon (10 mL ile 100 mg/mL),"200 mg/kg/gün, 4'e bölünmüş.",,,,,
ampisilin_menenjit,Ampisilin (menenjit),Ampisilin,Ampisina; Alfasilin,IV,Antibiyotikler,mg,75,,,,2000,,,4x1,,,100,flakon,1000,10,1 g flakon (10 mL ile 100 mg/mL),"Menenjit: 300 mg/kg/gün, 4'e bölünmüş.",,,,,
vankomisin_iv,Vankomisin,Vankomisin,Vancotek; Edicin; Vamycin; Vankomyl; Vankopol,IV,Antibiyotikler,mg,15,,,,,,,4x1,,,50,flakon,500,10,500 mg flakon (10 mL ile 50 mg/mL),En fazla 5 mg/mL olacak şekilde seyreltilip en az 60 dakikada verilir (kırmızı adam sendromu). mL değeri 50 mg/mL sulandırmaya göredir.,,,,,
asiklovir_iv,Asiklovir,Asiklovir,Klovireks-L; Asirax,IV,Antibiyotikler,mg,20,,,,,,,3x1,,,25,flakon,250,10,250 mg flakon (10 mL ile 25 mg/mL),HSV ensefaliti (12 yaş altı). 12 yaş ve üstü: 10 mg/kg 3x1. En az 1 saatte infüzyon; iyi hidrasyon.,,,,,
kalsiyum_glukonat,Kalsiyum glukonat %10,Kalsiyum glukonat,Calciosel,IV/IO,Resüsitasyon; Elektrolit/KİBAS,mg,60,,,,3000,,,,,,100,ampul,1000,10,"%10, 1 g/10 mL ampul","0,6 mL/kg. 5–10 dakikada yavaş IV. Hiperkalemi, hipokalsemi, kalsiyum kanal blokeri zehirlenmesi. Calciosel kalsiyum glukonat + levulinat içerir.",,,,,
nacl_3,%3 NaCl,%3 NaCl,,IV,Elektrolit/KİBAS,mL,5,,,,250,,,,,,,,,,%3 NaCl,"KİBAS: 3–5 mL/kg, 10–20 dakikada. Semptomatik hiponatremi: 2 mL/kg (max 100 mL), gerekirse tekrar.",,,,,
mannitol,Mannitol %20,Mannitol,,IV,Elektrolit/KİBAS,g,0.5,,,,50,,,,,,0.2,,,,"%20 mannitol (0,2 g/mL)","KİBAS: 0,5–1 g/kg, 20 dakikada. İdrar sondası takın; hipovolemiden kaçının.",,,,,
aktif_komur,Aktif kömür,Aktif kömür,Toxicarb; Optimaven; Carbomix,PO/NG,Zehirlenme,g,1,,,,50,,,,,,0.2,,,,"Süspansiyon (Toxicarb 12 g/60 mL = 0,2 g/mL)","En etkili ilk 1 saatte. Hava yolu korunmuyorsa verilmez. Demir, lityum, alkol ve korozivlerde etkisiz.",,,,,
nac_iv,N-asetilsistein (2 torba),Asetilsistein,Asist,IV,Zehirlenme,mg,200,,,,22000,,,,,,100,ampul,300,3,300 mg/3 mL ampul,"İki torba protokolü: 1. torba 200 mg/kg 4 saatte, 2. torba 100 mg/kg 16 saatte. %5 dekstroz veya SF ile sulandırılır; çocukta sıvı hacmini kiloya göre azaltın. Hesapta en fazla 110 kg kullanılır.",,1. torba (4 saatte),100,11000,2. torba (16 saatte)
flumazenil_iv,Flumazenil,Flumazenil,Anesed-R; Lauzenil; Mazenil; Fluxate,IV,Zehirlenme,mg,0.01,,,,0.2,,,"1 dakikada bir, toplam max 1 mg (0,05 mg/kg)",,,0.1,ampul,0.5,5,"0,5 mg/5 mL ampul","Kronik benzodiazepin kullanımı, nöbet öyküsü ve trisiklik zehirlenmesinde nöbet riski; bu durumlarda verilmez.",,,,,
